SMITH,01/03/68,F,WILLIAM
ROTHMEYER,01/03/68,F,WILLIAM
ASBY,01/03/68,F,WILLIAM
SALTER,01/03/68,F,WILLIAM
SALTER,01/03/68,F,WILLIAM
BLAND,21/02/62,F,WILLIAM
BLAND,21/02/62,F,WILLIAM
BLAND,21/02/62,F,WILLIAM
SHAFFER,21/02/62,F,WILLIAM
SHAFFER,21/02/62,F,WILLIAM
BLAND,21/02/62,F,WILLIAM
BLAND,21/02/62,F,BILL
BLAND,21/02/62,F,WILLIAM
BLAND,21/02/62,F,WILLIAM
BLAND,08/06/54,F,WILLIAM
BLAND,08/06/54,F,WILLIAM
BLAND,25/10/53,F,WILLIAM
BLAND,25/10/53,F,WILLIAM
SHAFFER,25/10/53,F,WILLIAM
DUNCAN,25/10/53,F,THOMAS
CARLSON,25/10/53,F,ROY
CARLSON,25/10/53,F,RON
DUNCAN,25/10/53,F,ROY
MICHAELSON,25/10/53,M,ROY
MICHAELSON,25/10/53,M,ROY
MICHAELSON,25/10/53,M,ROY
MICHAELSON,25/10/53,M,ROY
MICHAELSON,01/05/51,M,ROY
MICHAELSON,17/06/48,M,ROY
MICHAELSON,17/06/48,M,ROY
MICHAELSON,09/04/47,M,ROY
MICHAELSON,09/04/47,M,ROBERT
MICHAELSON,09/04/47,M,BOB
MUSTAPHA,11/03/47,M,OWEN
MUSTAPHA,11/03/47,M,OWAN
HOUGHTON,31/01/46,M,LAWRENCE
HOUGHTON,31/01/46,M,LAWRENCE
HOUGHTON,31/01/46,M,LAWRENCE
LIND,31/01/46,M,LAWRENCE
LIND,31/01/46,M,LAWRENCE
LIND,31/01/46,M,KENNETH
LIND,31/01/46,M,KENNETH
LIND,20/01/46,M,JOHN
CAIN,20/01/46,M,JOHN
CLARK,09/06/45,M,JOHN
CLARK,09/02/45,M,RONALD
CLARK,09/02/45,M,DONALD
CLARK,16/12/44,M,JOHN
CLARK,16/12/44,M,JOHN
CLARK,16/12/44,M,JOHN
MICHAELSON,16/12/44,M,JOHN
MICHAELSON,16/12/44,M,JOHN
MICHAELSON,16/12/44,M,JOHN
MICHAELSON,24/04/40,M,JOHN
MICHAELSON,24/04/40,M,JOHN
MICHAELSON,24/06/39,M,JOHN
MICHAELSON,24/06/39,M,JOHN
MICHAELSON,24/06/39,M,JOHN
MICHAELSON,24/06/39,M,JAMES
MICHAELSON,24/06/39,M,JAMES
MICHAELSON,24/06/39,M,JACK
MICHAELSON,09/06/39,M,JACK
LARSON,09/06/39,M,HAROLD
LARSON,09/06/39,M,HAROLD
MUSTAPHA,07/10/37,M,HAROLD
HOUGHTON,07/10/37,M,HAROLD
MELVIN,07/10/37,M,HAROLD
MELVIN,07/10/37,M,HAROLD
MELVIN,07/10/37,M,HAROLD
MELVIN,07/10/37,M,HAROLD
MELVIN,07/10/37,M,HAROLD
MELVIN,07/10/37,M,HAROLD
MELVIN,07/10/37,M,HAROLD
MELVIN,07/10/37,M,HAROLD
MELVIN,07/10/37,M,HAROLD
CHAVAS,07/10/37,M,HAROLD
CHAVAS,07/10/37,M,HAROLD
CHAVAS,07/10/37,M,HAROLD
CHAVAS,07/10/37,M,HAROLD
MICHAELSON,07/10/37,M,HAROLD
MICHAELSON,07/10/37,M,HAROLD
SMITH,07/10/37,M,HAROLD
CHAVAS,07/10/37,M,HAROLD
CHAVAS,07/10/37,M,HAROLD
FAGEN,07/10/37,M,HAROLD
FAGEN,07/10/37,M,HAROLD
FAGEN,07/10/37,M,GEORGE
GRIFFIN,07/10/37,M,DARH
GRIFFIN,10/07/37,M,DARL
GRIFFIN,07/05/37,M,DARL
GRIFFIN,07/05/37,M,CLIFFORD
GRIFFIN,07/05/37,M,CLIFFORD
GRIFFIN,07/05/37,M,CLIFFORD
GRIFFIN,07/05/37,M,CLARENCE
HANNA,24/11/34,M,ADDISON
HANNA,24/11/34,M,ADDISON
HANNA,24/11/34,M,ADDISON
HANNA,24/11/34,M,ADDISON
HANNA,24/11/34,M,ADDISON
GALETICH,15/10/32,M,ADDISON
FUNARO,06/12/37,F,HARRIET
FUNARO,06/12/37,F,HARRIET
FUNARO,06/12/37,F,HARRIET
